PlayerID,Team,Number,FirstName,LastName,Position,Status,Height,Weight,BirthDate,College,Experience,FantasyPosition,Active,PositionCategory,Name,Age,ShortName,HeightFeet,HeightInches,TeamID,GlobalTeamID,UsaTodayPlayerID,UsaTodayHeadshotUrl,UsaTodayHeadshotNoBackgroundUrl,UsaTodayHeadshotUpdated,UsaTodayHeadshotNoBackgroundUpdated
19872,DAL,,Malik,Jefferson,LB,Practice Squad,"6'2""",241,1996-11-15T00:00:00,Texas,0,LB,True,DEF,Malik Jefferson,26,M.Jefferson,6,2,9,9,8275086,http://cdn.usatsimg.com/api/download/?imageID=16602816,http://cdn.usatsimg.com/api/download/?imageID=16602817,2021-08-21T13:47:31,2021-08-21T13:47:36
20838,DAL,,Tyron,Johnson,WR,Practice Squad,"6'1""",193,1996-01-08T00:00:00,Oklahoma State,0,WR,True,OFF,Tyron Johnson,27,T.Johnson,6,1,9,9,8306523,http://cdn.usatsimg.com/api/download/?imageID=17069745,http://cdn.usatsimg.com/api/download/?imageID=17074688,2021-10-31T18:30:31,2021-11-01T13:29:24
21781,DAL,,Sean,McKeon,TE,Practice Squad,"6'5""",238,1997-12-28T00:00:00,Michigan,0,TE,True,OFF,Sean McKeon,25,S.McKeon,6,5,9,9,8250861,http://cdn.usatsimg.com/api/download/?imageID=18924043,http://cdn.usatsimg.com/api/download/?imageID=18924046,2022-08-25T12:18:16,2022-08-25T12:18:20
22019,DAL,,Alex,Taylor,OT,Practice Squad,"6'8""",301,1997-04-29T00:00:00,South Carolina State,0,OL,True,OFF,Alex Taylor,26,A.Taylor,6,8,9,9,8306665,http://cdn.usatsimg.com/api/download/?imageID=16582544,http://cdn.usatsimg.com/api/download/?imageID=16582551,2021-08-18T17:42:24,2021-08-18T17:42:33
23467,DAL,,Jalen,Moreno-Cropper,WR,Practice Squad,"6'0""",172,2001-05-03T00:00:00,Fresno State,0,WR,True,OFF,Jalen Moreno-Cropper,22,J.Moreno-Cropper,6,0,9,9,,,,,
23880,DAL,,Malik,Davis,RB,Practice Squad,"5'11""",202,1998-11-26T00:00:00,Florida,0,RB,True,OFF,Malik Davis,24,M.Davis,5,11,9,9,8298256,http://cdn.usatsimg.com/api/download/?imageID=19538902,http://cdn.usatsimg.com/api/download/?imageID=19538901,2022-12-01T15:10:57,2022-12-01T15:10:54
24395,DAL,,Earl,Bostick Jr.,OT,Practice Squad,"6'6""",310,1998-12-31T00:00:00,Kansas,0,OL,True,OFF,Earl Bostick Jr.,24,E.Bostick Jr.,6,6,9,9,,,,,
24448,DAL,,Tyrus,Wheat,DE,Practice Squad,"6'2""",260,1999-12-08T00:00:00,Mississippi State,0,DL,True,DEF,Tyrus Wheat,23,T.Wheat,6,2,9,9,,,,,
24616,DAL,,Durrell,Johnson,DE,Practice Squad,"6'3""",240,1998-06-26T00:00:00,Liberty,0,DL,True,DEF,Durrell Johnson,25,D.Johnson,6,3,9,9,,,,,
24617,DAL,,Princeton,Fant,TE,Practice Squad,"6'2""",235,1999-03-11T00:00:00,Tennessee,0,TE,True,OFF,Princeton Fant,24,P.Fant,6,2,9,9,,,,,
18160,DAL,1,Jayron,Kearse,S,Active,"6'4""",215,1994-02-11T00:00:00,Clemson,1,DB,True,DEF,Jayron Kearse,29,J.Kearse,6,4,9,9,8274360,http://cdn.usatsimg.com/api/download/?imageID=21372383,http://cdn.usatsimg.com/api/download/?imageID=21372380,2023-09-08T20:43:48,2023-09-08T20:43:43
18975,DAL,2,Jourdan,Lewis,CB,Active,"5'10""",195,1995-08-31T00:00:00,Michigan,1,DB,True,DEF,Jourdan Lewis,28,J.Lewis,5,10,9,9,8250829,http://cdn.usatsimg.com/api/download/?imageID=21372420,http://cdn.usatsimg.com/api/download/?imageID=21375243,2023-09-08T20:50:14,2023-09-09T00:27:33
16568,DAL,3,Brandin,Cooks,WR,Active,"5'10""",189,1993-09-25T00:00:00,Oregon State,1,WR,True,OFF,Brandin Cooks,30,B.Cooks,5,10,9,9,8313658,http://cdn.usatsimg.com/api/download/?imageID=21372215,http://cdn.usatsimg.com/api/download/?imageID=21375358,2023-09-08T20:17:11,2023-09-09T00:33:01
18055,DAL,4,Dak,Prescott,QB,Active,"6'2""",238,1993-07-29T00:00:00,Mississippi State,1,QB,True,OFF,Dak Prescott,30,D.Prescott,6,2,9,9,8250902,http://cdn.usatsimg.com/api/download/?imageID=21372491,http://cdn.usatsimg.com/api/download/?imageID=21375364,2023-09-08T20:59:36,2023-09-09T00:33:15
14017,DAL,5,Bryan,Anger,P,Active,"6'3""",202,1988-10-06T00:00:00,California,1,P,True,ST,Bryan Anger,34,B.Anger,6,3,9,9,8274337,http://cdn.usatsimg.com/api/download/?imageID=21370878,http://cdn.usatsimg.com/api/download/?imageID=21370879,2023-09-08T15:56:47,2023-09-08T15:56:51
21123,DAL,6,Donovan,Wilson,S,Active,"6'0""",204,1995-02-21T00:00:00,Texas A&M,0,DB,True,DEF,Donovan Wilson,28,D.Wilson,6,0,9,9,8250989,http://cdn.usatsimg.com/api/download/?imageID=21372698,http://cdn.usatsimg.com/api/download/?imageID=21372692,2023-09-08T21:19:18,2023-09-08T21:18:47
22051,DAL,7,Trevon,Diggs,CB,Active,"6'2""",195,1997-09-20T00:00:00,Alabama,0,DB,True,DEF,Trevon Diggs,26,T.Diggs,6,2,9,9,8250722,http://cdn.usatsimg.com/api/download/?imageID=21372226,http://cdn.usatsimg.com/api/download/?imageID=21375351,2023-09-08T20:19:38,2023-09-09T00:32:45
24068,DAL,9,KaVontae,Turpin,WR,Active,"5'9""",153,1996-08-02T00:00:00,TCU,0,WR,True,OFF,KaVontae Turpin,27,K.Turpin,5,9,9,9,8298308,http://cdn.usatsimg.com/api/download/?imageID=21372626,http://cdn.usatsimg.com/api/download/?imageID=21372625,2023-09-08T21:12:34,2023-09-08T21:12:15
19461,DAL,10,Cooper,Rush,QB,Active,"6'3""",225,1993-11-21T00:00:00,Central Michigan,0,QB,True,OFF,Cooper Rush,29,C.Rush,6,3,9,9,8250918,http://cdn.usatsimg.com/api/download/?imageID=21372451,http://cdn.usatsimg.com/api/download/?imageID=21372450,2023-09-08T20:56:26,2023-09-08T20:55:57
22695,DAL,11,Micah,Parsons,LB,Active,"6'3""",245,1999-05-26T00:00:00,Penn State,0,LB,True,DEF,Micah Parsons,24,M.Parsons,6,3,9,9,8274370,http://cdn.usatsimg.com/api/download/?imageID=21372449,http://cdn.usatsimg.com/api/download/?imageID=21375389,2023-09-08T20:54:15,2023-09-09T00:34:20
19867,DAL,13,Michael,Gallup,WR,Active,"6'1""",198,1996-03-04T00:00:00,Colorado State,0,WR,True,OFF,Michael Gallup,27,M.Gallup,6,1,9,9,8250736,http://cdn.usatsimg.com/api/download/?imageID=21372273,http://cdn.usatsimg.com/api/download/?imageID=21375299,2023-09-08T20:24:55,2023-09-09T00:30:07
23547,DAL,14,Markquese,Bell,S,Active,"6'3""",205,1999-01-06T00:00:00,Florida A&M,0,DB,True,DEF,Markquese Bell,24,M.Bell,6,3,9,9,8298247,http://cdn.usatsimg.com/api/download/?imageID=21372192,http://cdn.usatsimg.com/api/download/?imageID=21375377,2023-09-08T20:12:23,2023-09-09T00:33:52
22493,DAL,15,Trey,Lance,QB,Active,"6'4""",226,2000-05-09T00:00:00,North Dakota State,0,QB,True,OFF,Trey Lance,23,T.Lance,6,4,9,9,8313685,http://cdn.usatsimg.com/api/download/?imageID=21372405,http://cdn.usatsimg.com/api/download/?imageID=21375250,2023-09-08T20:47:00,2023-09-09T00:27:53
24902,DAL,17,Brandon,Aubrey,K,Active,"6'3""",208,1995-03-14T00:00:00,Notre Dame,0,K,True,ST,Brandon Aubrey,28,B.Aubrey,6,3,9,9,8313644,,,,
22597,DAL,18,Jalen,Tolbert,WR,Active,"6'1""",195,1999-02-27T00:00:00,South Alabama,0,WR,True,OFF,Jalen Tolbert,24,J.Tolbert,6,1,9,9,8298306,,,,
22072,DAL,19,Noah,Igbinoghene,CB,Active,"5'11""",197,1999-11-27T00:00:00,Auburn,0,DB,True,DEF,Noah Igbinoghene,23,N.Igbinoghene,5,11,9,9,8313681,http://cdn.usatsimg.com/api/download/?imageID=21372376,http://cdn.usatsimg.com/api/download/?imageID=21372366,2023-09-08T20:43:20,2023-09-08T20:42:52
20912,DAL,20,Tony,Pollard,RB,Active,"6'0""",209,1997-04-30T00:00:00,Memphis,0,RB,True,OFF,Tony Pollard,26,T.Pollard,6,0,9,9,8250899,http://cdn.usatsimg.com/api/download/?imageID=21372498,http://cdn.usatsimg.com/api/download/?imageID=21375261,2023-09-08T21:00:25,2023-09-09T00:28:25
13761,DAL,21,Stephon,Gilmore,CB,Active,"6'0""",190,1990-09-19T00:00:00,South Carolina,1,DB,True,DEF,Stephon Gilmore,33,S.Gilmore,6,0,9,9,8313670,http://cdn.usatsimg.com/api/download/?imageID=21372282,http://cdn.usatsimg.com/api/download/?imageID=21372285,2023-09-08T20:25:27,2023-09-08T20:25:54
21952,DAL,23,Rico,Dowdle,RB,Active,"6'0""",215,1998-01-06T00:00:00,South Carolina,0,RB,True,OFF,Rico Dowdle,25,R.Dowdle,6,0,9,9,8250726,http://cdn.usatsimg.com/api/download/?imageID=21372222,http://cdn.usatsimg.com/api/download/?imageID=21372220,2023-09-08T20:19:07,2023-09-08T20:18:50
22881,DAL,24,Israel,Mukuamu,S,Active,"6'4""",205,1999-11-28T00:00:00,South Carolina,0,DB,True,DEF,Israel Mukuamu,23,I.Mukuamu,6,4,9,9,8274365,http://cdn.usatsimg.com/api/download/?imageID=21372448,http://cdn.usatsimg.com/api/download/?imageID=21372447,2023-09-08T20:53:21,2023-09-08T20:53:02
22733,DAL,25,Nahshon,Wright,CB,Injured Reserve,"6'4""",185,1998-09-23T00:00:00,Oregon State,0,DB,True,DEF,Nahshon Wright,25,N.Wright,6,4,9,9,8274377,http://cdn.usatsimg.com/api/download/?imageID=21372662,http://cdn.usatsimg.com/api/download/?imageID=21375369,2023-09-08T21:17:18,2023-09-09T00:33:28
23605,DAL,26,DaRon,Bland,CB,Active,"6'0""",197,1999-07-12T00:00:00,Fresno State,0,DB,True,DEF,DaRon Bland,24,D.Bland,6,0,9,9,8298249,,,,
20923,DAL,27,Sheldrick,Redwine,S,Practice Squad,"6'0""",196,1996-11-06T00:00:00,Miami (FL),0,DB,True,DEF,Sheldrick Redwine,26,S.Redwine,6,0,9,9,8277507,http://cdn.usatsimg.com/api/download/?imageID=17256042,http://cdn.usatsimg.com/api/download/?imageID=16582638,2021-11-29T14:05:42,2021-08-18T18:08:20
18920,DAL,28,Malik,Hooker,S,Active,"6'2""",212,1996-04-02T00:00:00,Ohio State,1,DB,True,DEF,Malik Hooker,27,M.Hooker,6,2,9,9,8274356,http://cdn.usatsimg.com/api/download/?imageID=21372360,http://cdn.usatsimg.com/api/download/?imageID=21375294,2023-09-08T20:41:15,2023-09-09T00:29:55
17337,DAL,29,C.J.,Goodwin,CB,Active,"6'3""",190,1990-02-04T00:00:00,California (PA),1,DB,True,DEF,C.J. Goodwin,33,C.Goodwin,6,3,9,9,8250742,,,,
23327,DAL,30,Juanyeh,Thomas,S,Active,"6'3""",217,2000-06-24T00:00:00,Georgia Tech,0,DB,True,DEF,Juanyeh Thomas,23,J.Thomas,6,3,9,9,8298304,,,,
24904,DAL,31,Josh,Butler,CB,Practice Squad,"6'0""",182,1996-11-25T00:00:00,Michigan State,0,DB,True,DEF,Josh Butler,26,J.Butler,6,0,9,9,,,,,
19861,DAL,32,Ronald,Jones,RB,Suspended,"5'11""",208,1997-08-03T00:00:00,USC,0,RB,True,OFF,Ronald Jones,26,R.Jones,5,11,9,9,8313684,http://cdn.usatsimg.com/api/download/?imageID=21372388,http://cdn.usatsimg.com/api/download/?imageID=21375266,2023-09-08T20:45:01,2023-09-09T00:28:38
23442,DAL,33,Damone,Clark,LB,Active,"6'3""",240,2000-06-28T00:00:00,LSU,0,LB,True,DEF,Damone Clark,23,D.Clark,6,3,9,9,8298252,http://cdn.usatsimg.com/api/download/?imageID=21372214,http://cdn.usatsimg.com/api/download/?imageID=21375339,2023-09-08T20:16:31,2023-09-09T00:32:04
24263,DAL,35,DeMarvion,Overshown,LB,Injured Reserve,"6'2""",220,2000-08-13T00:00:00,Texas,0,LB,True,DEF,DeMarvion Overshown,23,D.Overshown,6,2,9,9,8313690,,,,
24479,DAL,37,Eric,Scott Jr.,CB,Active,"6'0""",197,1999-08-07T00:00:00,Southern Mississippi,0,DB,True,DEF,Eric Scott Jr.,24,E.Scott Jr.,6,0,9,9,8313694,,,,
24278,DAL,40,Hunter,Luepke,RB,Active,"6'1""",238,2000-02-28T00:00:00,North Dakota State,0,RB,True,OFF,Hunter Luepke,23,H.Luepke,6,1,9,9,8313687,http://cdn.usatsimg.com/api/download/?imageID=21372446,http://cdn.usatsimg.com/api/download/?imageID=21375326,2023-09-08T20:52:03,2023-09-09T00:31:30
24188,DAL,42,Deuce,Vaughn,RB,Active,"5'6""",176,2001-11-02T00:00:00,Kansas State,0,RB,True,OFF,Deuce Vaughn,21,D.Vaughn,5,6,9,9,8313698,,,,
20249,DAL,44,Trent,Sieg,LS,Active,"6'3""",240,1995-05-19T00:00:00,Colorado State,0,LS,True,ST,Trent Sieg,28,T.Sieg,6,3,9,9,8313695,http://cdn.usatsimg.com/api/download/?imageID=21372517,http://cdn.usatsimg.com/api/download/?imageID=21372516,2023-09-08T21:03:45,2023-09-08T21:03:39
23609,DAL,50,Devin,Harper,LB,Active,"6'0""",234,1998-05-13T00:00:00,Oklahoma State,0,LB,True,DEF,Devin Harper,25,D.Harper,6,0,9,9,8298272,http://cdn.usatsimg.com/api/download/?imageID=21372355,http://cdn.usatsimg.com/api/download/?imageID=21375285,2023-09-08T20:39:38,2023-09-09T00:29:28
23532,DAL,54,Sam,Williams,DE,Active,"6'4""",261,1999-03-31T00:00:00,Mississippi,0,DL,True,DEF,Sam Williams,24,S.Williams,6,4,9,9,8298314,http://cdn.usatsimg.com/api/download/?imageID=21372641,http://cdn.usatsimg.com/api/download/?imageID=21375347,2023-09-08T21:15:58,2023-09-09T00:32:34
19838,DAL,55,Leighton,Vander Esch,LB,Active,"6'4""",256,1996-02-08T00:00:00,Boise State,0,LB,True,DEF,Leighton Vander Esch,27,L.Vander Esch,6,4,9,9,8250976,http://cdn.usatsimg.com/api/download/?imageID=21372632,http://cdn.usatsimg.com/api/download/?imageID=21375277,2023-09-08T21:13:27,2023-09-09T00:29:01
16764,DAL,56,Dante,Fowler Jr.,DE,Active,"6'3""",261,1994-08-03T00:00:00,Florida,1,DL,True,DEF,Dante Fowler Jr.,29,D.Fowler Jr.,6,3,9,9,8298261,http://cdn.usatsimg.com/api/download/?imageID=16715990,http://cdn.usatsimg.com/api/download/?imageID=21372263,2021-09-09T22:51:28,2023-09-08T20:22:54
24146,DAL,58,Mazi,Smith,DT,Active,"6'3""",337,2001-06-16T00:00:00,Michigan,0,DL,True,DEF,Mazi Smith,22,M.Smith,6,3,9,9,8313696,http://cdn.usatsimg.com/api/download/?imageID=21372596,http://cdn.usatsimg.com/api/download/?imageID=21375395,2023-09-08T21:09:05,2023-09-09T00:34:37
21995,DAL,63,Tyler,Biadasz,C,Active,"6'3""",316,1997-11-20T00:00:00,Wisconsin,0,OL,True,OFF,Tyler Biadasz,25,T.Biadasz,6,3,9,9,8250683,http://cdn.usatsimg.com/api/download/?imageID=21372205,http://cdn.usatsimg.com/api/download/?imageID=21375280,2023-09-08T20:14:45,2023-09-09T00:29:15
19001,DAL,65,Sean,Harlow,OL,Practice Squad,"6'4""",284,1995-03-28T00:00:00,Oregon State,0,OL,True,OFF,Sean Harlow,28,S.Harlow,6,4,9,9,8249384,http://cdn.usatsimg.com/api/download/?imageID=16550324,http://cdn.usatsimg.com/api/download/?imageID=16550325,2021-08-11T19:08:58,2021-08-11T19:09:12
24105,DAL,66,T.J.,Bass,G,Active,"6'4""",325,2000-03-16T00:00:00,Oregon,0,OL,True,OFF,T.J. Bass,23,T.Bass,6,4,9,9,8313649,,,,
23353,DAL,67,Brock,Hoffman,C,Active,"6'4""",302,1999-07-02T00:00:00,Virginia Tech,0,OL,True,OFF,Brock Hoffman,24,B.Hoffman,6,4,9,9,8309309,,,,
16369,DAL,70,Zack,Martin,G,Active,"6'4""",315,1990-11-20T00:00:00,Notre Dame,1,OL,True,OFF,Zack Martin,32,Z.Martin,6,4,9,9,8250838,http://cdn.usatsimg.com/api/download/?imageID=21372436,http://cdn.usatsimg.com/api/download/?imageID=21375400,2023-09-08T20:51:16,2023-09-09T00:34:52
20746,DAL,71,Chuma,Edoga,G,Active,"6'3""",308,1997-05-25T00:00:00,USC,0,OL,True,OFF,Chuma Edoga,26,C.Edoga,6,3,9,9,8313664,http://cdn.usatsimg.com/api/download/?imageID=21372227,http://cdn.usatsimg.com/api/download/?imageID=21375256,2023-09-08T20:20:19,2023-09-09T00:28:10
23507,DAL,73,Tyler,Smith,OL,Active,"6'6""",332,2001-04-03T00:00:00,Tulsa,0,OL,True,OFF,Tyler Smith,22,T.Smith,6,6,9,9,8298298,http://cdn.usatsimg.com/api/download/?imageID=19220990,http://cdn.usatsimg.com/api/download/?imageID=19220989,2022-10-12T18:21:51,2022-10-12T18:21:47
22707,DAL,75,Josh,Ball,OT,Injured Reserve,"6'8""",304,1998-05-15T00:00:00,Marshall,0,OL,True,OFF,Josh Ball,25,J.Ball,6,8,9,9,8274339,http://cdn.usatsimg.com/api/download/?imageID=21372175,http://cdn.usatsimg.com/api/download/?imageID=21372173,2023-09-08T20:11:31,2023-09-08T20:11:26
24167,DAL,76,Asim,Richards,OL,Active,"6'4""",307,2000-10-02T00:00:00,North Carolina,0,OL,True,OFF,Asim Richards,22,A.Richards,6,4,9,9,8313692,http://cdn.usatsimg.com/api/download/?imageID=21372506,http://cdn.usatsimg.com/api/download/?imageID=21375304,2023-09-08T21:01:17,2023-09-09T00:30:21
13129,DAL,77,Tyron,Smith,OT,Active,"6'5""",320,1990-12-12T00:00:00,USC,1,OL,True,OFF,Tyron Smith,32,T.Smith,6,5,9,9,8250948,http://cdn.usatsimg.com/api/download/?imageID=21372526,http://cdn.usatsimg.com/api/download/?imageID=21375343,2023-09-08T21:05:31,2023-09-09T00:32:20
22041,DAL,78,Terence,Steele,OT,Active,"6'6""",310,1997-06-04T00:00:00,Texas Tech,0,OL,True,OFF,Terence Steele,26,T.Steele,6,6,9,9,8250953,http://cdn.usatsimg.com/api/download/?imageID=21372582,http://cdn.usatsimg.com/api/download/?imageID=21372575,2023-09-08T21:08:34,2023-09-08T21:08:13
23410,DAL,79,Matt,Waletzko,OT,Injured Reserve,"6'8""",305,1999-12-15T00:00:00,North Dakota,0,OL,True,OFF,Matt Waletzko,23,M.Waletzko,6,8,9,9,8298311,http://cdn.usatsimg.com/api/download/?imageID=21372638,http://cdn.usatsimg.com/api/download/?imageID=21372637,2023-09-08T21:14:57,2023-09-08T21:14:19
24776,DAL,81,John,Stephens Jr.,WR,Injured Reserve,"6'5""",221,1999-09-23T00:00:00,Louisiana-Lafayette,0,WR,True,OFF,John Stephens Jr.,24,J.Stephens Jr.,6,5,9,9,8313697,http://cdn.usatsimg.com/api/download/?imageID=21372622,http://cdn.usatsimg.com/api/download/?imageID=21375332,2023-09-08T21:10:27,2023-09-09T00:31:46
24397,DAL,83,Jalen,Brooks,WR,Active,"6'2""",205,2000-05-07T00:00:00,South Carolina,0,WR,True,OFF,Jalen Brooks,23,J.Brooks,6,2,9,9,8313654,,,,
24459,DAL,85,David,Durden,WR,Injured Reserve,"6'2""",200,1998-12-26T00:00:00,West Florida,0,WR,True,OFF,David Durden,24,D.Durden,6,2,9,9,8313662,,,,
24288,DAL,86,Luke,Schoonmaker,TE,Active,"6'5""",250,1998-09-28T00:00:00,Michigan,0,TE,True,OFF,Luke Schoonmaker,24,L.Schoonmaker,6,5,9,9,8313693,http://cdn.usatsimg.com/api/download/?imageID=21372513,http://cdn.usatsimg.com/api/download/?imageID=21375316,2023-09-08T21:02:39,2023-09-09T00:30:55
23138,DAL,87,Jake,Ferguson,TE,Active,"6'5""",244,1999-01-18T00:00:00,Wisconsin,0,TE,True,OFF,Jake Ferguson,24,J.Ferguson,6,5,9,9,8298260,,,,
21679,DAL,88,CeeDee,Lamb,WR,Active,"6'2""",200,1999-04-08T00:00:00,Oklahoma,0,WR,True,OFF,CeeDee Lamb,24,C.Lamb,6,2,9,9,8250821,http://cdn.usatsimg.com/api/download/?imageID=21372394,http://cdn.usatsimg.com/api/download/?imageID=21375382,2023-09-08T20:45:35,2023-09-09T00:34:04
22517,DAL,89,Peyton,Hendershot,TE,Active,"6'4""",254,1999-04-23T00:00:00,Indiana,0,TE,True,OFF,Peyton Hendershot,24,P.Hendershot,6,4,9,9,8298274,http://cdn.usatsimg.com/api/download/?imageID=21372359,http://cdn.usatsimg.com/api/download/?imageID=21375319,2023-09-08T20:40:31,2023-09-09T00:31:10
16366,DAL,90,DeMarcus,Lawrence,DE,Active,"6'3""",265,1992-04-28T00:00:00,Boise State,1,DL,True,DEF,DeMarcus Lawrence,31,D.Lawrence,6,3,9,9,8250824,http://cdn.usatsimg.com/api/download/?imageID=21372416,http://cdn.usatsimg.com/api/download/?imageID=21372413,2023-09-08T20:49:45,2023-09-08T20:49:25
19932,DAL,92,Dorance,Armstrong,DE,Active,"6'4""",255,1997-06-10T00:00:00,Kansas,0,DL,True,DEF,Dorance Armstrong,26,D.Armstrong,6,4,9,9,8250670,http://cdn.usatsimg.com/api/download/?imageID=21372169,http://cdn.usatsimg.com/api/download/?imageID=16642812,2023-09-08T20:10:48,2021-08-28T12:08:02
24370,DAL,93,Viliami,Fehoko Jr.,DE,Active,"6'4""",267,1999-12-16T00:00:00,San Jose State,0,DL,True,DEF,Viliami Fehoko Jr.,23,V.Fehoko Jr.,6,4,9,9,8313668,,,,
22265,DAL,94,Willington,Previlon,DL,Practice Squad,"6'5""",285,1997-05-19T00:00:00,Rutgers,0,DL,True,DEF,Willington Previlon,26,W.Previlon,6,5,9,9,8256816,,,,
15090,DAL,95,Johnathan,Hankins,DT,Active,"6'2""",320,1992-03-30T00:00:00,Ohio State,1,DL,True,DEF,Johnathan Hankins,31,J.Hankins,6,2,9,9,8306514,http://cdn.usatsimg.com/api/download/?imageID=21372354,http://cdn.usatsimg.com/api/download/?imageID=21375311,2023-09-08T20:39:02,2023-09-09T00:30:41
22078,DAL,96,Neville,Gallimore,DT,Active,"6'2""",302,1997-01-17T00:00:00,Oklahoma,0,DL,True,DEF,Neville Gallimore,26,N.Gallimore,6,2,9,9,8250733,,,,
22873,DAL,97,Osa,Odighizuwa,DT,Active,"6'2""",280,1998-08-13T00:00:00,UCLA,0,DL,True,DEF,Osa Odighizuwa,25,O.Odighizuwa,6,2,9,9,8274369,,,,
22820,DAL,99,Chauncey,Golston,DE,Active,"6'5""",268,1998-02-10T00:00:00,Iowa,0,DL,True,DEF,Chauncey Golston,25,C.Golston,6,5,9,9,8274353,http://cdn.usatsimg.com/api/download/?imageID=21372287,http://cdn.usatsimg.com/api/download/?imageID=21375272,2023-09-08T20:26:21,2023-09-09T00:28:50
