PlayerID,Team,Number,FirstName,LastName,Position,Status,Height,Weight,BirthDate,College,Experience,FantasyPosition,Active,PositionCategory,Name,Age,ExperienceString,BirthDateString,PhotoUrl,ByeWeek,UpcomingGameOpponent,UpcomingGameWeek,ShortName,AverageDraftPosition,DepthPositionCategory,DepthPosition,DepthOrder,DepthDisplayOrder,CurrentTeam,CollegeDraftTeam,CollegeDraftYear,CollegeDraftRound,CollegeDraftPick,IsUndraftedFreeAgent,HeightFeet,HeightInches,UpcomingOpponentRank,UpcomingOpponentPositionRank,CurrentStatus,UpcomingSalary,FantasyAlarmPlayerID,SportRadarPlayerID,RotoworldPlayerID,RotoWirePlayerID,StatsPlayerID,SportsDirectPlayerID,XmlTeamPlayerID,FanDuelPlayerID,DraftKingsPlayerID,YahooPlayerID,InjuryStatus,InjuryBodyPart,InjuryStartDate,InjuryNotes,FanDuelName,DraftKingsName,YahooName,FantasyPositionDepthOrder,InjuryPractice,InjuryPracticeDescription,DeclaredInactive,UpcomingFanDuelSalary,UpcomingDraftKingsSalary,UpcomingYahooSalary,TeamID,GlobalTeamID,FantasyDraftPlayerID,FantasyDraftName,UsaTodayPlayerID,UsaTodayHeadshotUrl,UsaTodayHeadshotNoBackgroundUrl,UsaTodayHeadshotUpdated,UsaTodayHeadshotNoBackgroundUpdated,PlayerSeason,LatestNews
19872,DAL,,Malik,Jefferson,LB,Practice Squad,"6'2""",241,1996-11-15T00:00:00,Texas,1,LB,True,DEF,Malik Jefferson,26,5th Season,"November 15, 1996",https://s3-us-west-2.amazonaws.com/static.fantasydata.com/headshots/nfl/low-res/19872.png,7,ARI,3,M.Jefferson,,Scrambled,Scrambled,,,DAL,CIN,2018,0,26,False,6,2,2,,Scrambled,,305863,c3e579cc-6693-47c4-91a9-b688935ae048,,12506,867820,93464,,,,31048,Scrambled,Scrambled,,Scrambled,,,,,Scrambled,Scrambled,False,,,,9,9,,,8275086,http://cdn.usatsimg.com/api/download/?imageID=16602816,http://cdn.usatsimg.com/api/download/?imageID=16602817,2021-08-21T13:47:31,2021-08-21T13:47:36,,[]
20838,DAL,,Tyron,Johnson,WR,Practice Squad,"6'1""",193,1996-01-08T00:00:00,Oklahoma State,0,WR,True,OFF,Tyron Johnson,27,4th Season,"January 8, 1996",https://s3-us-west-2.amazonaws.com/static.fantasydata.com/headshots/nfl/low-res/20838.png,7,ARI,3,T.Johnson,285.7,Scrambled,Scrambled,,,DAL,HOU,2019,,,True,6,1,2,2,Scrambled,999,307105,064c4eda-1b10-40ac-a9d2-66caf76a213a,,13615,865567,91201,,60705,865567,32511,Scrambled,Scrambled,,Scrambled,Tyron Billy-Johnson,Tyron Billy-Johnson,Tyron Johnson,1,Scrambled,Scrambled,False,1365,999,,9,9,865567,Tyron Johnson,8306523,http://cdn.usatsimg.com/api/download/?imageID=17069745,http://cdn.usatsimg.com/api/download/?imageID=17074688,2021-10-31T18:30:31,2021-11-01T13:29:24,,[]
21781,DAL,,Sean,McKeon,TE,Practice Squad,"6'5""",238,1997-12-28T00:00:00,Michigan,0,TE,True,OFF,Sean McKeon,25,4th Season,"December 28, 1997",https://s3-us-west-2.amazonaws.com/static.fantasydata.com/headshots/nfl/low-res/21781.png,7,ARI,3,S.McKeon,225.4,Scrambled,Scrambled,,,DAL,DAL,2020,,,True,6,5,2,3,Scrambled,832,307603,0f369885-8ecd-4ca0-a3dc-df8530a0db6e,,14478,,121454,,68730,911020,33101,Scrambled,Scrambled,,Scrambled,Sean McKeon,Sean McKeon,Sean McKeon,0,Scrambled,Scrambled,False,1399,832,,9,9,,,8250861,http://cdn.usatsimg.com/api/download/?imageID=18924043,http://cdn.usatsimg.com/api/download/?imageID=18924046,2022-08-25T12:18:16,2022-08-25T12:18:20,,[]
22019,DAL,,Alex,Taylor,OT,Practice Squad,"6'8""",301,1997-04-29T00:00:00,South Carolina State,0,OL,True,OFF,Alex Taylor,26,3rd Season,"April 29, 1997",https://s3-us-west-2.amazonaws.com/static.fantasydata.com/headshots/nfl/low-res/22019.png,7,ARI,3,A.Taylor,,Scrambled,Scrambled,,,DAL,CLE,2020,,,True,6,8,2,,Scrambled,,307916,491a4774-9f2d-4b70-9933-2c7c89abbeba,,14694,,176636,,,,33312,Scrambled,Scrambled,,Scrambled,,,,,Scrambled,Scrambled,False,,,,9,9,,,8306665,http://cdn.usatsimg.com/api/download/?imageID=16582544,http://cdn.usatsimg.com/api/download/?imageID=16582551,2021-08-18T17:42:24,2021-08-18T17:42:33,,[]
23467,DAL,,Jalen,Moreno-Cropper,WR,Practice Squad,"6'0""",172,2001-05-03T00:00:00,Fresno State,0,WR,True,OFF,Jalen Moreno-Cropper,22,Rookie,"May 3, 2001",https://s3-us-west-2.amazonaws.com/static.fantasydata.com/headshots/nfl/low-res/23467.png,7,ARI,3,J.Moreno-Cropper,332.7,Scrambled,Scrambled,,,DAL,DAL,2023,,,True,6,0,2,2,Scrambled,999,,d67c1e40-f66d-11ed-823b-d335e7ef7897,,16730,,,,109008,1170916,40774,Scrambled,Scrambled,,Scrambled,Jalen Cropper,Jalen Cropper,Jalen Cropper,1,Scrambled,Scrambled,False,1332,999,,9,9,,,,,,,,,[]
23880,DAL,,Malik,Davis,RB,Practice Squad,"5'11""",202,1998-11-26T00:00:00,Florida,0,RB,True,OFF,Malik Davis,24,2nd Season,"November 26, 1998",https://s3-us-west-2.amazonaws.com/static.fantasydata.com/headshots/nfl/low-res/23880.png,7,ARI,3,M.Davis,92.2,Scrambled,Scrambled,,,DAL,DAL,2022,,,True,5,11,2,2,Scrambled,1332,,7caf1f90-d30d-11ec-8b77-45b1765fd110,,15828,975028,127781,,86047,975028,34610,Scrambled,Scrambled,,Scrambled,Malik Davis,Malik Davis,Malik Davis,1,Scrambled,Scrambled,False,1365,1332,,9,9,,,8298256,http://cdn.usatsimg.com/api/download/?imageID=19538902,http://cdn.usatsimg.com/api/download/?imageID=19538901,2022-12-01T15:10:57,2022-12-01T15:10:54,,[]
24395,DAL,,Earl,Bostick Jr.,OT,Practice Squad,"6'6""",310,1998-12-31T00:00:00,Kansas,0,OL,True,OFF,Earl Bostick Jr.,24,Rookie,"December 31, 1998",https://s3-us-west-2.amazonaws.com/static.fantasydata.com/headshots/nfl/low-res/24395.png,7,ARI,3,E.Bostick Jr.,,Scrambled,Scrambled,,,DAL,DAL,2023,,,True,6,6,2,,Scrambled,,,8a008d30-f672-11ed-84b9-4745dec76369,,17141,,,,,,,Scrambled,Scrambled,,Scrambled,,,,,Scrambled,Scrambled,False,,,,9,9,,,,,,,,,[]
24448,DAL,,Tyrus,Wheat,DE,Practice Squad,"6'2""",260,1999-12-08T00:00:00,Mississippi State,0,DL,True,DEF,Tyrus Wheat,23,Rookie,"December 8, 1999",https://s3-us-west-2.amazonaws.com/static.fantasydata.com/headshots/nfl/low-res/24448.png,7,ARI,3,T.Wheat,,Scrambled,Scrambled,,,DAL,DAL,2023,,,True,6,2,2,,Scrambled,,,700b71a0-f678-11ed-a5ca-c79bcc7fcf23,,17181,,,,,,40776,Scrambled,Scrambled,,Scrambled,,,,,Scrambled,Scrambled,False,,,,9,9,,,,,,,,,[]
24616,DAL,,Durrell,Johnson,DE,Practice Squad,"6'3""",240,1998-06-26T00:00:00,Liberty,0,DL,True,DEF,Durrell Johnson,25,Rookie,"June 26, 1998",https://s3-us-west-2.amazonaws.com/static.fantasydata.com/headshots/nfl/low-res/24616.png,7,ARI,3,D.Johnson,,Scrambled,Scrambled,,,DAL,DAL,2023,,,True,6,3,2,,Scrambled,,,4d871440-f678-11ed-a5ca-c79bcc7fcf23,,17291,,,,,,40783,Scrambled,Scrambled,,Scrambled,,,,,Scrambled,Scrambled,False,,,,9,9,,,,,,,,,[]
24617,DAL,,Princeton,Fant,TE,Practice Squad,"6'2""",235,1999-03-11T00:00:00,Tennessee,0,TE,True,OFF,Princeton Fant,24,Rookie,"March 11, 1999",https://s3-us-west-2.amazonaws.com/static.fantasydata.com/headshots/nfl/low-res/24617.png,7,ARI,3,P.Fant,,Scrambled,Scrambled,,,DAL,DAL,2023,,,True,6,2,2,3,Scrambled,832,,4b51e190-f674-11ed-88a9-a32a17c14014,,17135,,,,87442,1059585,40778,Scrambled,Scrambled,,Scrambled,Princeton Fant,Princeton Fant,Princeton Fant,1,Scrambled,Scrambled,False,1332,832,,9,9,,,,,,,,,[]
18160,DAL,1,Jayron,Kearse,S,Active,"6'4""",215,1994-02-11T00:00:00,Clemson,1,DB,True,DEF,Jayron Kearse,29,8th Season,"February 11, 1994",https://s3-us-west-2.amazonaws.com/static.fantasydata.com/headshots/nfl/low-res/18160.png,7,ARI,3,J.Kearse,,Scrambled,Scrambled,0,,DAL,MIN,2016,1,81,False,6,4,2,,Scrambled,,304170,708e045b-17fd-4f81-87e3-8686b165a278,,11088,733747,72605,,,,29478,Scrambled,Scrambled,,Scrambled,,Jayron Kearse,Jayron Kearse,,Scrambled,Scrambled,False,,,,9,9,,,8274360,http://cdn.usatsimg.com/api/download/?imageID=21372383,http://cdn.usatsimg.com/api/download/?imageID=21372380,2023-09-08T20:43:48,2023-09-08T20:43:43,,[]
18975,DAL,2,Jourdan,Lewis,CB,Active,"5'10""",195,1995-08-31T00:00:00,Michigan,1,DB,True,DEF,Jourdan Lewis,28,7th Season,"August 31, 1995",https://s3-us-west-2.amazonaws.com/static.fantasydata.com/headshots/nfl/low-res/18975.png,7,ARI,3,J.Lewis,,Scrambled,Scrambled,0,42,DAL,DAL,2017,0,31,False,5,10,2,,Scrambled,,304867,7ff68f1d-204c-4d49-9179-ecb2514094dc,12315,12024,740759,76664,,,,30205,Scrambled,Scrambled,,Scrambled,,Jourdan Lewis,Jourdan Lewis,,Scrambled,Scrambled,False,,,,9,9,,,8250829,http://cdn.usatsimg.com/api/download/?imageID=21372420,http://cdn.usatsimg.com/api/download/?imageID=21375243,2023-09-08T20:50:14,2023-09-09T00:27:33,,[]
16568,DAL,3,Brandin,Cooks,WR,Active,"5'10""",189,1993-09-25T00:00:00,Oregon State,1,WR,True,OFF,Brandin Cooks,30,10th Season,"September 25, 1993",https://s3-us-west-2.amazonaws.com/static.fantasydata.com/headshots/nfl/low-res/16568.png,7,ARI,3,B.Cooks,32.3,Scrambled,Scrambled,0,1,DAL,NO,2014,0,2,False,5,10,2,2,Scrambled,1732,301198,b6b954eb-4591-4b7a-86b9-a481f15fdd58,9404,9260,607864,54412,11120,29501,607864,27548,Scrambled,Scrambled,2023-09-15T00:00:00,Scrambled,Brandin Cooks,Brandin Cooks,Brandin Cooks,1,Scrambled,Scrambled,False,1998,1732,,9,9,607864,Brandin Cooks,8313658,http://cdn.usatsimg.com/api/download/?imageID=21372215,http://cdn.usatsimg.com/api/download/?imageID=21375358,2023-09-08T20:17:11,2023-09-09T00:33:01,,[]
18055,DAL,4,Dak,Prescott,QB,Active,"6'2""",238,1993-07-29T00:00:00,Mississippi State,1,QB,True,OFF,Dak Prescott,30,8th Season,"July 29, 1993",https://s3-us-west-2.amazonaws.com/static.fantasydata.com/headshots/nfl/low-res/18055.png,7,ARI,3,D.Prescott,29.0,Scrambled,Scrambled,0,0,DAL,DAL,2016,0,45,False,6,2,2,3,Scrambled,2198,304061,86197778-8d4b-4eba-affe-08ef7be7c70b,11318,11008,591816,55191,,31716,591816,29369,Scrambled,Scrambled,,Scrambled,Dak Prescott,Dak Prescott,Dak Prescott,0,Scrambled,Scrambled,False,2531,2198,,9,9,591816,Dak Prescott,8250902,http://cdn.usatsimg.com/api/download/?imageID=21372491,http://cdn.usatsimg.com/api/download/?imageID=21375364,2023-09-08T20:59:36,2023-09-09T00:33:15,,[]
14017,DAL,5,Bryan,Anger,P,Active,"6'3""",202,1988-10-06T00:00:00,California,1,P,True,ST,Bryan Anger,34,12th Season,"October 6, 1988",https://s3-us-west-2.amazonaws.com/static.fantasydata.com/headshots/nfl/low-res/14017.png,7,ARI,3,B.Anger,,Scrambled,Scrambled,0,67,DAL,JAX,2012,0,23,False,6,3,2,2,Scrambled,,302808,6ee71282-c2b8-416a-8de1-29c0185d9b7b,7541,8251,,37348,17797,,,25780,Scrambled,Scrambled,,Scrambled,,,,,Scrambled,Scrambled,False,,,,9,9,,,8274337,http://cdn.usatsimg.com/api/download/?imageID=21370878,http://cdn.usatsimg.com/api/download/?imageID=21370879,2023-09-08T15:56:47,2023-09-08T15:56:51,,[]
21123,DAL,6,Donovan,Wilson,S,Active,"6'0""",204,1995-02-21T00:00:00,Texas A&M,1,DB,True,DEF,Donovan Wilson,28,5th Season,"February 21, 1995",https://s3-us-west-2.amazonaws.com/static.fantasydata.com/headshots/nfl/low-res/21123.png,7,ARI,3,D.Wilson,,Scrambled,Scrambled,0,,DAL,DAL,2019,1,71,False,6,0,2,,Scrambled,,306902,2e9ef3ac-eca5-4eb9-a41d-f404dfaae460,,13890,835844,85386,,,,32045,Scrambled,Scrambled,2023-08-29T00:00:00,Scrambled,,,,,Scrambled,Scrambled,False,,,,9,9,,,8250989,http://cdn.usatsimg.com/api/download/?imageID=21372698,http://cdn.usatsimg.com/api/download/?imageID=21372692,2023-09-08T21:19:18,2023-09-08T21:18:47,,[]
22051,DAL,7,Trevon,Diggs,CB,Active,"6'2""",195,1997-09-20T00:00:00,Alabama,0,DB,True,DEF,Trevon Diggs,26,4th Season,"September 20, 1997",https://s3-us-west-2.amazonaws.com/static.fantasydata.com/headshots/nfl/low-res/22051.png,7,ARI,3,T.Diggs,,Scrambled,Scrambled,0,41,DAL,DAL,2020,0,17,False,6,2,2,,Scrambled,,307865,02753dc9-52ac-4ed1-8086-7894d35a3bd1,,14389,932709,119098,,72340,,32721,Scrambled,Scrambled,,Scrambled,Trevon Diggs,,,,Scrambled,Scrambled,False,,,,9,9,,,8250722,http://cdn.usatsimg.com/api/download/?imageID=21372226,http://cdn.usatsimg.com/api/download/?imageID=21375351,2023-09-08T20:19:38,2023-09-09T00:32:45,,[]
24068,DAL,9,KaVontae,Turpin,WR,Active,"5'9""",153,1996-08-02T00:00:00,TCU,0,WR,True,OFF,KaVontae Turpin,27,2nd Season,"August 2, 1996",https://s3-us-west-2.amazonaws.com/static.fantasydata.com/headshots/nfl/low-res/24068.png,7,ARI,3,K.Turpin,288.7,Scrambled,Scrambled,0,,DAL,DAL,2022,,,True,5,9,2,2,Scrambled,999,,2dfd63d0-0e8a-11ed-a8f4-191ad3c6932a,,13894,,90621,,60957,865958,34709,Scrambled,Scrambled,,Scrambled,KaVontae Turpin,KaVontae Turpin,KaVontae Turpin,0,Scrambled,Scrambled,False,1465,999,,9,9,,,8298308,http://cdn.usatsimg.com/api/download/?imageID=21372626,http://cdn.usatsimg.com/api/download/?imageID=21372625,2023-09-08T21:12:34,2023-09-08T21:12:15,,[]
19461,DAL,10,Cooper,Rush,QB,Active,"6'3""",225,1993-11-21T00:00:00,Central Michigan,1,QB,True,OFF,Cooper Rush,29,6th Season,"November 21, 1993",https://s3-us-west-2.amazonaws.com/static.fantasydata.com/headshots/nfl/low-res/19461.png,7,ARI,3,C.Rush,218.8,Scrambled,Scrambled,0,0,DAL,DAL,2017,,,True,6,3,2,3,Scrambled,1565,304861,4595c8ea-9d85-4504-8a34-2c8a02349105,,11841,694117,59857,,44715,694117,30788,Scrambled,Scrambled,,Scrambled,Cooper Rush,Cooper Rush,Cooper Rush,0,Scrambled,Scrambled,False,2031,1565,,9,9,694117,Cooper Rush,8250918,http://cdn.usatsimg.com/api/download/?imageID=21372451,http://cdn.usatsimg.com/api/download/?imageID=21372450,2023-09-08T20:56:26,2023-09-08T20:55:57,,[]
22695,DAL,11,Micah,Parsons,LB,Active,"6'3""",245,1999-05-26T00:00:00,Penn State,0,LB,True,DEF,Micah Parsons,24,3rd Season,"May 26, 1999",https://s3-us-west-2.amazonaws.com/static.fantasydata.com/headshots/nfl/low-res/22695.png,7,ARI,3,M.Parsons,,Scrambled,Scrambled,0,40,DAL,DAL,2021,0,1,False,6,3,2,,Scrambled,,,b4eab0bf-9e1f-43f8-912f-d33ac517bc46,,15182,1107581,135653,,,,33400,Scrambled,Scrambled,,Scrambled,,,,,Scrambled,Scrambled,False,,,,9,9,,,8274370,http://cdn.usatsimg.com/api/download/?imageID=21372449,http://cdn.usatsimg.com/api/download/?imageID=21375389,2023-09-08T20:54:15,2023-09-09T00:34:20,,[]
19867,DAL,13,Michael,Gallup,WR,Active,"6'1""",198,1996-03-04T00:00:00,Colorado State,1,WR,True,OFF,Michael Gallup,27,6th Season,"March 4, 1996",https://s3-us-west-2.amazonaws.com/static.fantasydata.com/headshots/nfl/low-res/19867.png,7,ARI,3,M.Gallup,62.6,Scrambled,Scrambled,0,1,DAL,DAL,2018,0,27,False,6,1,2,2,Scrambled,1232,305902,9e174ff2-ca0e-4e6b-96f7-90f0088f7edd,13149,12810,912070,119265,,69956,912070,31051,Scrambled,Scrambled,,Scrambled,Michael Gallup,Michael Gallup,Michael Gallup,0,Scrambled,Scrambled,False,1765,1232,,9,9,912070,Michael Gallup,8250736,http://cdn.usatsimg.com/api/download/?imageID=21372273,http://cdn.usatsimg.com/api/download/?imageID=21375299,2023-09-08T20:24:55,2023-09-09T00:30:07,,[]
23547,DAL,14,Markquese,Bell,S,Active,"6'3""",205,1999-01-06T00:00:00,Florida A&M,0,DB,True,DEF,Markquese Bell,24,2nd Season,"January 6, 1999",https://s3-us-west-2.amazonaws.com/static.fantasydata.com/headshots/nfl/low-res/23547.png,7,ARI,3,M.Bell,,Scrambled,Scrambled,0,,DAL,DAL,2022,,,True,6,3,2,,Scrambled,,,546a44e0-d314-11ec-8b77-45b1765fd110,,16142,,126402,,,,34624,Scrambled,Scrambled,,Scrambled,,,,,Scrambled,Scrambled,False,,,,9,9,,,8298247,http://cdn.usatsimg.com/api/download/?imageID=21372192,http://cdn.usatsimg.com/api/download/?imageID=21375377,2023-09-08T20:12:23,2023-09-09T00:33:52,,[]
22493,DAL,15,Trey,Lance,QB,Active,"6'4""",226,2000-05-09T00:00:00,North Dakota State,0,QB,True,OFF,Trey Lance,23,3rd Season,"May 9, 2000",https://s3-us-west-2.amazonaws.com/static.fantasydata.com/headshots/nfl/low-res/22493.png,7,ARI,3,T.Lance,89.6,Scrambled,Scrambled,0,0,DAL,SF,2021,0,0,False,6,4,2,3,Scrambled,1332,,676a508c-c65f-404a-a2b0-f861a4bfd072,,15198,1130975,181092,,149696,1130975,33391,Scrambled,Scrambled,,Scrambled,Trey Lance,Trey Lance,Trey Lance,0,Scrambled,Scrambled,False,1998,1332,,9,9,,,8313685,http://cdn.usatsimg.com/api/download/?imageID=21372405,http://cdn.usatsimg.com/api/download/?imageID=21375250,2023-09-08T20:47:00,2023-09-09T00:27:53,,[]
24902,DAL,17,Brandon,Aubrey,K,Active,"6'3""",208,1995-03-14T00:00:00,Notre Dame,0,K,True,ST,Brandon Aubrey,28,1st Season,"March 14, 1995",https://s3-us-west-2.amazonaws.com/static.fantasydata.com/headshots/nfl/low-res/0.png,7,ARI,3,B.Aubrey,296.4,Scrambled,Scrambled,0,67,DAL,DAL,2023,,,True,6,3,2,2,Scrambled,2098,,110e6fe0-1c34-11ee-8294-af17faac15de,,17649,,205853,,189471,1454349,40819,Scrambled,Scrambled,,Scrambled,Brandon Aubrey,Brandon Aubrey,,0,Scrambled,Scrambled,False,,,,9,9,,,8313644,,,,,,[]
22597,DAL,18,Jalen,Tolbert,WR,Active,"6'1""",195,1999-02-27T00:00:00,South Alabama,0,WR,True,OFF,Jalen Tolbert,24,2nd Season,"February 27, 1999",https://s3-us-west-2.amazonaws.com/static.fantasydata.com/headshots/nfl/low-res/22597.png,7,ARI,3,J.Tolbert,121.9,Scrambled,Scrambled,0,1,DAL,DAL,2022,0,29,False,6,1,2,2,Scrambled,1032,,c6fb9f3a-f8ff-4224-a5f6-4d2d09501c9c,,16010,1066424,130547,,88548,1066424,34044,Scrambled,Scrambled,,Scrambled,Jalen Tolbert,Jalen Tolbert,Jalen Tolbert,0,Scrambled,Scrambled,False,1565,1032,,9,9,,,8298306,,,,,,[]
22072,DAL,19,Noah,Igbinoghene,CB,Active,"5'11""",197,1999-11-27T00:00:00,Auburn,0,DB,True,DEF,Noah Igbinoghene,23,4th Season,"November 27, 1999",https://s3-us-west-2.amazonaws.com/static.fantasydata.com/headshots/nfl/low-res/22072.png,7,ARI,3,N.Igbinoghene,,Scrambled,Scrambled,0,41,DAL,MIA,2020,0,3,False,5,11,2,,Scrambled,,307878,b4b346b6-6175-407c-a6cd-103368a1609f,,14713,1054172,126555,,87654,,32700,Scrambled,Scrambled,,Scrambled,Noah Igbinoghene,,,,Scrambled,Scrambled,False,,,,9,9,,,8313681,http://cdn.usatsimg.com/api/download/?imageID=21372376,http://cdn.usatsimg.com/api/download/?imageID=21372366,2023-09-08T20:43:20,2023-09-08T20:42:52,,[]
20912,DAL,20,Tony,Pollard,RB,Active,"6'0""",209,1997-04-30T00:00:00,Memphis,1,RB,True,OFF,Tony Pollard,26,5th Season,"April 30, 1997",https://s3-us-west-2.amazonaws.com/static.fantasydata.com/headshots/nfl/low-res/20912.png,7,ARI,3,T.Pollard,1.9,Scrambled,Scrambled,0,0,DAL,DAL,2019,0,43,False,6,0,2,2,Scrambled,2664,306842,33b0227d-4c21-4e71-b4cd-be35f7db9123,14245,13590,880398,92034,,63759,880398,31960,Scrambled,Scrambled,,Scrambled,Tony Pollard,Tony Pollard,Tony Pollard,0,Scrambled,Scrambled,False,3130,2664,,9,9,880398,Tony Pollard,8250899,http://cdn.usatsimg.com/api/download/?imageID=21372498,http://cdn.usatsimg.com/api/download/?imageID=21375261,2023-09-08T21:00:25,2023-09-09T00:28:25,,[]
13761,DAL,21,Stephon,Gilmore,CB,Active,"6'0""",190,1990-09-19T00:00:00,South Carolina,1,DB,True,DEF,Stephon Gilmore,33,12th Season,"September 19, 1990",https://s3-us-west-2.amazonaws.com/static.fantasydata.com/headshots/nfl/low-res/13761.png,7,ARI,3,S.Gilmore,,Scrambled,Scrambled,0,42,DAL,BUF,2012,0,1,False,6,0,2,,Scrambled,832,300547,c7c6dc46-a58a-4cfc-b626-2360434671cb,7442,8165,494377,42021,17597,,494377,25720,Scrambled,Scrambled,,Scrambled,,Stephon Gilmore,Stephon Gilmore,,Scrambled,Scrambled,False,,,,9,9,,,8313670,http://cdn.usatsimg.com/api/download/?imageID=21372282,http://cdn.usatsimg.com/api/download/?imageID=21372285,2023-09-08T20:25:27,2023-09-08T20:25:54,,[]
21952,DAL,23,Rico,Dowdle,RB,Active,"6'0""",215,1998-01-06T00:00:00,South Carolina,0,RB,True,OFF,Rico Dowdle,25,4th Season,"January 6, 1998",https://s3-us-west-2.amazonaws.com/static.fantasydata.com/headshots/nfl/low-res/21952.png,7,ARI,3,R.Dowdle,155.8,Scrambled,Scrambled,0,0,DAL,DAL,2020,,,True,6,0,2,2,Scrambled,1498,307977,bba755a2-63b6-4ac1-b806-0609816135de,,14657,933480,121068,,72297,933480,33100,Scrambled,Scrambled,,Scrambled,Rico Dowdle,Rico Dowdle,Rico Dowdle,0,Scrambled,Scrambled,False,1565,1498,,9,9,,,8250726,http://cdn.usatsimg.com/api/download/?imageID=21372222,http://cdn.usatsimg.com/api/download/?imageID=21372220,2023-09-08T20:19:07,2023-09-08T20:18:50,,[]
22881,DAL,24,Israel,Mukuamu,S,Active,"6'4""",205,1999-11-28T00:00:00,South Carolina,0,DB,True,DEF,Israel Mukuamu,23,3rd Season,"November 28, 1999",https://s3-us-west-2.amazonaws.com/static.fantasydata.com/headshots/nfl/low-res/22881.png,7,ARI,3,I.Mukuamu,,Scrambled,Scrambled,0,41,DAL,DAL,2021,1,76,False,6,4,2,,Scrambled,,,7111b5cc-d74b-416b-9c93-c2fdf7ad193e,,15216,,134497,,,,33615,Scrambled,Scrambled,,Scrambled,,,,,Scrambled,Scrambled,False,,,,9,9,,,8274365,http://cdn.usatsimg.com/api/download/?imageID=21372448,http://cdn.usatsimg.com/api/download/?imageID=21372447,2023-09-08T20:53:21,2023-09-08T20:53:02,,[]
22733,DAL,25,Nahshon,Wright,CB,Injured Reserve,"6'4""",185,1998-09-23T00:00:00,Oregon State,0,DB,True,DEF,Nahshon Wright,25,3rd Season,"September 23, 1998",https://s3-us-west-2.amazonaws.com/static.fantasydata.com/headshots/nfl/low-res/22733.png,7,ARI,3,N.Wright,,Scrambled,Scrambled,,,DAL,DAL,2021,0,33,False,6,4,2,,Scrambled,,,884b6094-1ebd-4b72-b957-ad33a3ab984f,,15549,,143440,,,,33487,Scrambled,Scrambled,2023-08-29T00:00:00,Scrambled,,,,,Scrambled,Scrambled,True,,,,9,9,,,8274377,http://cdn.usatsimg.com/api/download/?imageID=21372662,http://cdn.usatsimg.com/api/download/?imageID=21375369,2023-09-08T21:17:18,2023-09-09T00:33:28,,[]
23605,DAL,26,DaRon,Bland,CB,Active,"6'0""",197,1999-07-12T00:00:00,Fresno State,0,DB,True,DEF,DaRon Bland,24,2nd Season,"July 12, 1999",https://s3-us-west-2.amazonaws.com/static.fantasydata.com/headshots/nfl/low-res/23605.png,7,ARI,3,D.Bland,,Scrambled,Scrambled,0,42,DAL,DAL,2022,1,56,False,6,0,2,,Scrambled,,,5c2a334e-5fe6-4434-ac23-6b252356c48b,,16273,,182288,,,,34123,Scrambled,Scrambled,,Scrambled,,,,,Scrambled,Scrambled,False,,,,9,9,,,8298249,,,,,,[]
20923,DAL,27,Sheldrick,Redwine,S,Practice Squad,"6'0""",196,1996-11-06T00:00:00,Miami (FL),1,DB,True,DEF,Sheldrick Redwine,26,5th Season,"November 6, 1996",https://s3-us-west-2.amazonaws.com/static.fantasydata.com/headshots/nfl/low-res/20923.png,7,ARI,3,S.Redwine,,Scrambled,Scrambled,,,DAL,CLE,2019,0,40,False,6,0,2,,Scrambled,,306839,32b601e7-4491-479a-895a-2f96add83e09,,13537,,92184,,,,31951,Scrambled,Scrambled,,Scrambled,,,,,Scrambled,Scrambled,False,,,,9,9,,,8277507,http://cdn.usatsimg.com/api/download/?imageID=17256042,http://cdn.usatsimg.com/api/download/?imageID=16582638,2021-11-29T14:05:42,2021-08-18T18:08:20,,[]
18920,DAL,28,Malik,Hooker,S,Active,"6'2""",212,1996-04-02T00:00:00,Ohio State,1,DB,True,DEF,Malik Hooker,27,7th Season,"April 2, 1996",https://s3-us-west-2.amazonaws.com/static.fantasydata.com/headshots/nfl/low-res/18920.png,7,ARI,3,M.Hooker,,Scrambled,Scrambled,0,41,DAL,IND,2017,0,2,False,6,2,2,,Scrambled,,304984,3cb26a5c-9c90-46ad-b539-e29ad6934e30,12156,11695,,80903,,,,30128,Scrambled,Scrambled,,Scrambled,,,,,Scrambled,Scrambled,False,,,,9,9,,,8274356,http://cdn.usatsimg.com/api/download/?imageID=21372360,http://cdn.usatsimg.com/api/download/?imageID=21375294,2023-09-08T20:41:15,2023-09-09T00:29:55,,[]
17337,DAL,29,C.J.,Goodwin,CB,Active,"6'3""",190,1990-02-04T00:00:00,California (PA),1,DB,True,DEF,C.J. Goodwin,33,8th Season,"February 4, 1990",https://s3-us-west-2.amazonaws.com/static.fantasydata.com/headshots/nfl/low-res/17337.png,7,ARI,3,C.Goodwin,,Scrambled,Scrambled,0,42,DAL,PIT,2014,,,True,6,3,2,,Scrambled,999,301087,6d62aaa2-fe41-4672-941f-7314a0b9b367,,9842,828353,80724,12121,54863,828353,28289,Scrambled,Scrambled,,Scrambled,C.J. Goodwin,,C.J. Goodwin,,Scrambled,Scrambled,False,1365,,,9,9,,,8250742,,,,,,[]
23327,DAL,30,Juanyeh,Thomas,S,Active,"6'3""",217,2000-06-24T00:00:00,Georgia Tech,0,DB,True,DEF,Juanyeh Thomas,23,1st Season,"June 24, 2000",https://s3-us-west-2.amazonaws.com/static.fantasydata.com/headshots/nfl/low-res/23327.png,7,ARI,3,J.Thomas,,Scrambled,Scrambled,0,41,DAL,DAL,2022,,,True,6,3,2,,Scrambled,,,8a8dfad0-d314-11ec-8b77-45b1765fd110,,16145,,198795,,,,34595,Scrambled,Scrambled,,Scrambled,,,,,Scrambled,Scrambled,False,,,,9,9,,,8298304,,,,,,[]
24904,DAL,31,Josh,Butler,CB,Practice Squad,"6'0""",182,1996-11-25T00:00:00,Michigan State,0,DB,True,DEF,Josh Butler,26,1st Season,"November 25, 1996",https://s3-us-west-2.amazonaws.com/static.fantasydata.com/headshots/nfl/low-res/0.png,7,ARI,3,J.Butler,,Scrambled,Scrambled,,,DAL,DAL,2023,,,True,6,0,2,,Scrambled,,,804bd6a0-2c00-11ee-b1fc-571fc9ac66e0,,17650,,,,,,40829,Scrambled,Scrambled,,Scrambled,,,,,Scrambled,Scrambled,False,,,,9,9,,,,,,,,,[]
19861,DAL,32,Ronald,Jones,RB,Suspended,"5'11""",208,1997-08-03T00:00:00,USC,1,RB,True,OFF,Ronald Jones,26,6th Season,"August 3, 1997",https://s3-us-west-2.amazonaws.com/static.fantasydata.com/headshots/nfl/low-res/19861.png,7,ARI,3,R.Jones,104.9,Scrambled,Scrambled,,,DAL,TB,2018,0,13,False,5,11,2,2,Scrambled,1332,305857,15965c39-17be-4338-911a-8f337f48a3ce,13061,12566,880033,91481,,63591,880033,31008,Scrambled,Scrambled,2023-07-31T00:00:00,Scrambled,Ronald Jones II,Ronald Jones II,Ronald Jones II,1,Scrambled,Scrambled,True,1498,1332,,9,9,880033,Ronald Jones II,8313684,http://cdn.usatsimg.com/api/download/?imageID=21372388,http://cdn.usatsimg.com/api/download/?imageID=21375266,2023-09-08T20:45:01,2023-09-09T00:28:38,,[]
23442,DAL,33,Damone,Clark,LB,Active,"6'3""",240,2000-06-28T00:00:00,LSU,0,LB,True,DEF,Damone Clark,23,2nd Season,"June 28, 2000",https://s3-us-west-2.amazonaws.com/static.fantasydata.com/headshots/nfl/low-res/23442.png,7,ARI,3,D.Clark,,Scrambled,Scrambled,0,41,DAL,DAL,2022,1,59,False,6,3,2,,Scrambled,,,9976d1c8-b52f-4eba-8f95-7ee288c7b730,,16017,,133040,,,,34132,Scrambled,Scrambled,,Scrambled,,,,,Scrambled,Scrambled,False,,,,9,9,,,8298252,http://cdn.usatsimg.com/api/download/?imageID=21372214,http://cdn.usatsimg.com/api/download/?imageID=21375339,2023-09-08T20:16:31,2023-09-09T00:32:04,,[]
24263,DAL,35,DeMarvion,Overshown,LB,Injured Reserve,"6'2""",220,2000-08-13T00:00:00,Texas,0,LB,True,DEF,DeMarvion Overshown,23,Rookie,"August 13, 2000",https://s3-us-west-2.amazonaws.com/static.fantasydata.com/headshots/nfl/low-res/24263.png,7,ARI,3,D.Overshown,,Scrambled,Scrambled,,,DAL,DAL,2023,0,30,False,6,2,2,,Scrambled,,,2df409f7-2d3a-4dc3-98aa-0b261594bb1f,,16940,,133579,,,,40099,Scrambled,Scrambled,2023-08-20T00:00:00,Scrambled,,,,,Scrambled,Scrambled,True,,,,9,9,,,8313690,,,,,,[]
24479,DAL,37,Eric,Scott Jr.,CB,Active,"6'0""",197,1999-08-07T00:00:00,Southern Mississippi,0,DB,True,DEF,Eric Scott Jr.,24,Rookie,"August 7, 1999",https://s3-us-west-2.amazonaws.com/static.fantasydata.com/headshots/nfl/low-res/24479.png,7,ARI,3,E.Scott Jr.,,Scrambled,Scrambled,0,42,DAL,DAL,2023,1,59,False,6,0,2,,Scrambled,,,8385d8de-c682-4970-b657-13fd197d20db,,17408,,180747,,,,40217,Scrambled,Scrambled,,Scrambled,,,,,Scrambled,Scrambled,False,,,,9,9,,,8313694,,,,,,[]
24278,DAL,40,Hunter,Luepke,RB,Active,"6'1""",238,2000-02-28T00:00:00,North Dakota State,0,RB,True,OFF,Hunter Luepke,23,Rookie,"February 28, 2000",https://s3-us-west-2.amazonaws.com/static.fantasydata.com/headshots/nfl/low-res/24278.png,7,ARI,3,H.Luepke,,Scrambled,Scrambled,0,0,DAL,DAL,2023,,,True,6,1,2,2,Scrambled,1332,,58f425d0-f677-11ed-978f-0975e9cb7dba,,17000,,181094,,185863,1130976,40780,Scrambled,Scrambled,,Scrambled,Hunter Luepke,Hunter Luepke,Hunter Luepke,0,Scrambled,Scrambled,False,1332,1332,,9,9,,,8313687,http://cdn.usatsimg.com/api/download/?imageID=21372446,http://cdn.usatsimg.com/api/download/?imageID=21375326,2023-09-08T20:52:03,2023-09-09T00:31:30,,[]
24188,DAL,42,Deuce,Vaughn,RB,Active,"5'6""",176,2001-11-02T00:00:00,Kansas State,0,RB,True,OFF,Deuce Vaughn,21,Rookie,"November 2, 2001",https://s3-us-west-2.amazonaws.com/static.fantasydata.com/headshots/nfl/low-res/24188.png,7,ARI,3,D.Vaughn,65.9,Scrambled,Scrambled,0,,DAL,DAL,2023,1,71,False,5,6,2,2,Scrambled,1465,,e444229e-c262-40a7-bb89-61d4b774da55,,17003,1228925,178151,,137254,1228925,40240,Scrambled,Scrambled,,Scrambled,Deuce Vaughn,Deuce Vaughn,Deuce Vaughn,0,Scrambled,Scrambled,False,1465,1465,,9,9,,,8313698,,,,,,[]
20249,DAL,44,Trent,Sieg,LS,Active,"6'3""",240,1995-05-19T00:00:00,Colorado State,1,LS,True,ST,Trent Sieg,28,6th Season,"May 19, 1995",https://s3-us-west-2.amazonaws.com/static.fantasydata.com/headshots/nfl/low-res/20249.png,7,ARI,3,T.Sieg,,Scrambled,Scrambled,0,,DAL,BAL,2018,,,True,6,3,2,3,Scrambled,,306242,378df3b9-0a5c-4d68-a173-79bc0df07a66,,13128,741321,81151,,,741321,31251,Scrambled,Scrambled,,Scrambled,,Trent Sieg,,,Scrambled,Scrambled,False,,,,9,9,,,8313695,http://cdn.usatsimg.com/api/download/?imageID=21372517,http://cdn.usatsimg.com/api/download/?imageID=21372516,2023-09-08T21:03:45,2023-09-08T21:03:39,,[]
23609,DAL,50,Devin,Harper,LB,Active,"6'0""",234,1998-05-13T00:00:00,Oklahoma State,0,LB,True,DEF,Devin Harper,25,2nd Season,"May 13, 1998",https://s3-us-west-2.amazonaws.com/static.fantasydata.com/headshots/nfl/low-res/23609.png,7,ARI,3,D.Harper,,Scrambled,Scrambled,0,40,DAL,DAL,2022,1,64,False,6,0,2,,Scrambled,,,04b3ee50-da8c-4917-a6fd-9d11d6d81887,,16276,,119991,,,,34149,Scrambled,Scrambled,,Scrambled,,,,,Scrambled,Scrambled,False,,,,9,9,,,8298272,http://cdn.usatsimg.com/api/download/?imageID=21372355,http://cdn.usatsimg.com/api/download/?imageID=21375285,2023-09-08T20:39:38,2023-09-09T00:29:28,,[]
23532,DAL,54,Sam,Williams,DE,Active,"6'4""",261,1999-03-31T00:00:00,Mississippi,0,DL,True,DEF,Sam Williams,24,2nd Season,"March 31, 1999",https://s3-us-west-2.amazonaws.com/static.fantasydata.com/headshots/nfl/low-res/23532.png,7,ARI,3,S.Williams,,Scrambled,Scrambled,0,38,DAL,DAL,2022,0,19,False,6,4,2,,Scrambled,,,49ee26a1-4c2a-4980-ad86-b9553ef220bd,,,1161110,140426,,,,34011,Scrambled,Scrambled,,Scrambled,,,,,Scrambled,Scrambled,False,,,,9,9,,,8298314,http://cdn.usatsimg.com/api/download/?imageID=21372641,http://cdn.usatsimg.com/api/download/?imageID=21375347,2023-09-08T21:15:58,2023-09-09T00:32:34,,[]
19838,DAL,55,Leighton,Vander Esch,LB,Active,"6'4""",256,1996-02-08T00:00:00,Boise State,1,LB,True,DEF,Leighton Vander Esch,27,6th Season,"February 8, 1996",https://s3-us-west-2.amazonaws.com/static.fantasydata.com/headshots/nfl/low-res/19838.png,7,ARI,3,L.Vander Esch,,Scrambled,Scrambled,0,40,DAL,DAL,2018,0,2,False,6,4,2,,Scrambled,,305838,b6ab79d0-cbb6-4e2c-8a9d-2e4a092325bc,13118,12479,838540,80893,,,,30989,Scrambled,Scrambled,,Scrambled,,,,,Scrambled,Scrambled,False,,,,9,9,,,8250976,http://cdn.usatsimg.com/api/download/?imageID=21372632,http://cdn.usatsimg.com/api/download/?imageID=21375277,2023-09-08T21:13:27,2023-09-09T00:29:01,,[]
16764,DAL,56,Dante,Fowler Jr.,DE,Active,"6'3""",261,1994-08-03T00:00:00,Florida,1,DL,True,DEF,Dante Fowler Jr.,29,9th Season,"August 3, 1994",https://s3-us-west-2.amazonaws.com/static.fantasydata.com/headshots/nfl/low-res/16764.png,7,ARI,3,D.Fowler Jr.,,Scrambled,Scrambled,0,39,DAL,JAX,2015,0,0,False,6,3,2,,Scrambled,,303207,6bc85af5-fc58-4656-82da-d02780a0f6f6,10389,10349,694612,56872,,,,28391,Scrambled,Scrambled,,Scrambled,,Dante Fowler Jr.,Dante Fowler Jr.,,Scrambled,Scrambled,False,,,,9,9,,,8298261,http://cdn.usatsimg.com/api/download/?imageID=16715990,http://cdn.usatsimg.com/api/download/?imageID=21372263,2021-09-09T22:51:28,2023-09-08T20:22:54,,[]
24146,DAL,58,Mazi,Smith,DT,Active,"6'3""",337,2001-06-16T00:00:00,Michigan,0,DL,True,DEF,Mazi Smith,22,Rookie,"June 16, 2001",https://s3-us-west-2.amazonaws.com/static.fantasydata.com/headshots/nfl/low-res/24146.png,7,ARI,3,M.Smith,,Scrambled,Scrambled,0,39,DAL,DAL,2023,0,3,False,6,3,2,,Scrambled,,,8f71baa6-45f2-4b27-8d26-508290a50604,,16864,,140199,,,,40044,Scrambled,Scrambled,,Scrambled,,,,,Scrambled,Scrambled,False,,,,9,9,,,8313696,http://cdn.usatsimg.com/api/download/?imageID=21372596,http://cdn.usatsimg.com/api/download/?imageID=21375395,2023-09-08T21:09:05,2023-09-09T00:34:37,,[]
21995,DAL,63,Tyler,Biadasz,C,Active,"6'3""",316,1997-11-20T00:00:00,Wisconsin,0,OL,True,OFF,Tyler Biadasz,25,4th Season,"November 20, 1997",https://s3-us-west-2.amazonaws.com/static.fantasydata.com/headshots/nfl/low-res/21995.png,7,ARI,3,T.Biadasz,,Scrambled,Scrambled,0,35,DAL,DAL,2020,0,49,False,6,3,2,,Scrambled,,307864,f5b61bef-6214-4d70-9a34-d58da29ce2d5,,14485,924357,120130,,,,32816,Scrambled,Scrambled,,Scrambled,,,,,Scrambled,Scrambled,False,,,,9,9,,,8250683,http://cdn.usatsimg.com/api/download/?imageID=21372205,http://cdn.usatsimg.com/api/download/?imageID=21375280,2023-09-08T20:14:45,2023-09-09T00:29:15,,[]
19001,DAL,65,Sean,Harlow,OL,Practice Squad,"6'4""",284,1995-03-28T00:00:00,Oregon State,0,OL,True,OFF,Sean Harlow,28,4th Season,"March 28, 1995",https://s3-us-west-2.amazonaws.com/static.fantasydata.com/headshots/nfl/low-res/19001.png,7,ARI,3,S.Harlow,,Scrambled,Scrambled,,,DAL,ATL,2017,0,45,False,6,4,2,,Scrambled,,304724,f4f08533-c692-4aba-84fe-fc21101c7bda,,11796,,75448,,,,30249,Scrambled,Scrambled,,Scrambled,,,,,Scrambled,Scrambled,False,,,,9,9,,,8249384,http://cdn.usatsimg.com/api/download/?imageID=16550324,http://cdn.usatsimg.com/api/download/?imageID=16550325,2021-08-11T19:08:58,2021-08-11T19:09:12,,[]
24105,DAL,66,T.J.,Bass,G,Active,"6'4""",325,2000-03-16T00:00:00,Oregon,0,OL,True,OFF,T.J. Bass,23,Rookie,"March 16, 2000",https://s3-us-west-2.amazonaws.com/static.fantasydata.com/headshots/nfl/low-res/24105.png,7,ARI,3,T.Bass,,Scrambled,Scrambled,0,36,DAL,DAL,2023,,,True,6,4,2,,Scrambled,,,dfc90360-f676-11ed-978f-0975e9cb7dba,,17190,,177002,,,,,Scrambled,Scrambled,,Scrambled,,,,,Scrambled,Scrambled,False,,,,9,9,,,8313649,,,,,,[]
23353,DAL,67,Brock,Hoffman,C,Active,"6'4""",302,1999-07-02T00:00:00,Virginia Tech,0,OL,True,OFF,Brock Hoffman,24,1st Season,"July 2, 1999",https://s3-us-west-2.amazonaws.com/static.fantasydata.com/headshots/nfl/low-res/23353.png,7,ARI,3,B.Hoffman,,Scrambled,Scrambled,0,35,DAL,CLE,2022,,,True,6,4,2,,Scrambled,,,2fcfb2b0-d309-11ec-8b77-45b1765fd110,,16527,,128169,,,,34482,Scrambled,Scrambled,,Scrambled,,,,,Scrambled,Scrambled,False,,,,9,9,,,8309309,,,,,,[]
16369,DAL,70,Zack,Martin,G,Active,"6'4""",315,1990-11-20T00:00:00,Notre Dame,1,OL,True,OFF,Zack Martin,32,10th Season,"November 20, 1990",https://s3-us-west-2.amazonaws.com/static.fantasydata.com/headshots/nfl/low-res/16369.png,7,ARI,3,Z.Martin,,Scrambled,Scrambled,0,36,DAL,DAL,2014,0,2,False,6,4,2,,Scrambled,,302446,5a001d28-b271-410a-8c91-3159a6096258,9422,9266,508978,40503,11090,,,27544,Scrambled,Scrambled,,Scrambled,,,,,Scrambled,Scrambled,False,,,,9,9,,,8250838,http://cdn.usatsimg.com/api/download/?imageID=21372436,http://cdn.usatsimg.com/api/download/?imageID=21375400,2023-09-08T20:51:16,2023-09-09T00:34:52,,[]
20746,DAL,71,Chuma,Edoga,G,Active,"6'3""",308,1997-05-25T00:00:00,USC,1,OL,True,OFF,Chuma Edoga,26,5th Season,"May 25, 1997",https://s3-us-west-2.amazonaws.com/static.fantasydata.com/headshots/nfl/low-res/20746.png,7,ARI,3,C.Edoga,,Scrambled,Scrambled,0,35,DAL,NYJ,2019,0,31,False,6,3,2,,Scrambled,,306812,668bbc04-3346-4ba5-b038-9b5485f79d1c,,13801,865843,91469,,,,31924,Scrambled,Scrambled,2023-09-17T00:00:00,Scrambled,,,,,Scrambled,Scrambled,False,,,,9,9,,,8313664,http://cdn.usatsimg.com/api/download/?imageID=21372227,http://cdn.usatsimg.com/api/download/?imageID=21375256,2023-09-08T20:20:19,2023-09-09T00:28:10,,[]
23507,DAL,73,Tyler,Smith,OL,Active,"6'6""",332,2001-04-03T00:00:00,Tulsa,0,OL,True,OFF,Tyler Smith,22,2nd Season,"April 3, 2001",https://s3-us-west-2.amazonaws.com/static.fantasydata.com/headshots/nfl/low-res/23507.png,7,ARI,3,T.Smith,,Scrambled,Scrambled,0,35,DAL,DAL,2022,0,3,False,6,6,2,,Scrambled,,,23390ab5-2b55-4d8e-851c-01f9cf338ede,,16047,1165313,141901,,,,33979,Scrambled,Scrambled,2023-09-04T00:00:00,Scrambled,,,,,Scrambled,Scrambled,False,,,,9,9,,,8298298,http://cdn.usatsimg.com/api/download/?imageID=19220990,http://cdn.usatsimg.com/api/download/?imageID=19220989,2022-10-12T18:21:51,2022-10-12T18:21:47,,[]
22707,DAL,75,Josh,Ball,OT,Injured Reserve,"6'8""",304,1998-05-15T00:00:00,Marshall,0,OL,True,OFF,Josh Ball,25,3rd Season,"May 15, 1998",https://s3-us-west-2.amazonaws.com/static.fantasydata.com/headshots/nfl/low-res/22707.png,7,ARI,3,J.Ball,,Scrambled,Scrambled,,,DAL,DAL,2021,0,46,False,6,8,2,,Scrambled,,,79c0e337-bc7b-4abc-9660-0d919251c83b,,15269,,120409,,,,33526,Scrambled,Scrambled,2023-08-29T00:00:00,Scrambled,,,,,Scrambled,Scrambled,True,,,,9,9,,,8274339,http://cdn.usatsimg.com/api/download/?imageID=21372175,http://cdn.usatsimg.com/api/download/?imageID=21372173,2023-09-08T20:11:31,2023-09-08T20:11:26,,[]
24167,DAL,76,Asim,Richards,OL,Active,"6'4""",307,2000-10-02T00:00:00,North Carolina,0,OL,True,OFF,Asim Richards,22,Rookie,"October 2, 2000",https://s3-us-west-2.amazonaws.com/static.fantasydata.com/headshots/nfl/low-res/24167.png,7,ARI,3,A.Richards,,Scrambled,Scrambled,0,35,DAL,DAL,2023,1,56,False,6,4,2,,Scrambled,,,eefb94f0-fa64-4b02-93dd-ba7a992760a3,,17106,,142581,,,,,Scrambled,Scrambled,,Scrambled,,,,,Scrambled,Scrambled,False,,,,9,9,,,8313692,http://cdn.usatsimg.com/api/download/?imageID=21372506,http://cdn.usatsimg.com/api/download/?imageID=21375304,2023-09-08T21:01:17,2023-09-09T00:30:21,,[]
13129,DAL,77,Tyron,Smith,OT,Active,"6'5""",320,1990-12-12T00:00:00,USC,1,OL,True,OFF,Tyron Smith,32,13th Season,"December 12, 1990",https://s3-us-west-2.amazonaws.com/static.fantasydata.com/headshots/nfl/low-res/13129.png,7,ARI,3,T.Smith,,Scrambled,Scrambled,0,35,DAL,DAL,2011,0,1,False,6,5,2,,Scrambled,,300670,c3f2ea91-98d6-4d37-b5bd-3c7ac07e5b24,6441,7349,459327,37665,17095,,,24796,Scrambled,Scrambled,,Scrambled,,,,,Scrambled,Scrambled,False,,,,9,9,,,8250948,http://cdn.usatsimg.com/api/download/?imageID=21372526,http://cdn.usatsimg.com/api/download/?imageID=21375343,2023-09-08T21:05:31,2023-09-09T00:32:20,,[]
22041,DAL,78,Terence,Steele,OT,Active,"6'6""",310,1997-06-04T00:00:00,Texas Tech,0,OL,True,OFF,Terence Steele,26,4th Season,"June 4, 1997",https://s3-us-west-2.amazonaws.com/static.fantasydata.com/headshots/nfl/low-res/22041.png,7,ARI,3,T.Steele,,Scrambled,Scrambled,0,36,DAL,DAL,2020,,,True,6,6,2,,Scrambled,,307689,9b1a3246-4f3b-47f7-9bf8-a33d6e454723,,14693,882954,93435,,,,33093,Scrambled,Scrambled,,Scrambled,,,,,Scrambled,Scrambled,False,,,,9,9,,,8250953,http://cdn.usatsimg.com/api/download/?imageID=21372582,http://cdn.usatsimg.com/api/download/?imageID=21372575,2023-09-08T21:08:34,2023-09-08T21:08:13,,[]
23410,DAL,79,Matt,Waletzko,OT,Injured Reserve,"6'8""",305,1999-12-15T00:00:00,North Dakota,0,OL,True,OFF,Matt Waletzko,23,2nd Season,"December 15, 1999",https://s3-us-west-2.amazonaws.com/static.fantasydata.com/headshots/nfl/low-res/23410.png,7,ARI,3,M.Waletzko,,Scrambled,Scrambled,,,DAL,DAL,2022,1,52,False,6,8,2,,Scrambled,,,e0e0e9b9-5c2a-4328-b46c-66bb9bd206ff,,16082,1126495,198759,,,,34111,Scrambled,Scrambled,2023-08-29T00:00:00,Scrambled,,,,,Scrambled,Scrambled,True,,,,9,9,,,8298311,http://cdn.usatsimg.com/api/download/?imageID=21372638,http://cdn.usatsimg.com/api/download/?imageID=21372637,2023-09-08T21:14:57,2023-09-08T21:14:19,,[]
24776,DAL,81,John,Stephens Jr.,WR,Injured Reserve,"6'5""",221,1999-09-23T00:00:00,Louisiana-Lafayette,0,WR,True,OFF,John Stephens Jr.,24,Rookie,"September 23, 1999",https://s3-us-west-2.amazonaws.com/static.fantasydata.com/headshots/nfl/low-res/24776.png,7,ARI,3,J.Stephens Jr.,,Scrambled,Scrambled,,,DAL,DAL,2023,,,True,6,5,2,2,Scrambled,999,,6ee21b90-f672-11ed-84b9-4745dec76369,,17588,,133899,,94600,1113487,40782,Scrambled,Scrambled,2023-08-20T00:00:00,Scrambled,John Stephens Jr.,John Stephens Jr.,John Stephens Jr.,1,Scrambled,Scrambled,True,1332,999,,9,9,,,8313697,http://cdn.usatsimg.com/api/download/?imageID=21372622,http://cdn.usatsimg.com/api/download/?imageID=21375332,2023-09-08T21:10:27,2023-09-09T00:31:46,,[]
24397,DAL,83,Jalen,Brooks,WR,Active,"6'2""",205,2000-05-07T00:00:00,South Carolina,0,WR,True,OFF,Jalen Brooks,23,Rookie,"May 7, 2000",https://s3-us-west-2.amazonaws.com/static.fantasydata.com/headshots/nfl/low-res/24397.png,7,ARI,3,J.Brooks,329.7,Scrambled,Scrambled,0,1,DAL,DAL,2023,1,81,False,6,2,2,2,Scrambled,999,,66f7bbe1-eb89-4b48-83db-d947b04ff1fd,,17185,,179721,,138277,1223301,40257,Scrambled,Scrambled,,Scrambled,Jalen Brooks,Jalen Brooks,Jalen Brooks,1,Scrambled,Scrambled,False,1332,999,,9,9,,,8313654,,,,,,[]
24459,DAL,85,David,Durden,WR,Injured Reserve,"6'2""",200,1998-12-26T00:00:00,West Florida,0,WR,True,OFF,David Durden,24,Rookie,"December 26, 1998",https://s3-us-west-2.amazonaws.com/static.fantasydata.com/headshots/nfl/low-res/24459.png,7,ARI,3,D.Durden,,Scrambled,Scrambled,,,DAL,DAL,2023,,,True,6,2,2,2,Scrambled,999,,2b6c0b90-f66e-11ed-823b-d335e7ef7897,,17219,,138412,,185862,1118734,40773,Scrambled,Scrambled,2023-08-24T00:00:00,Scrambled,David Durden,David Durden,David Durden,1,Scrambled,Scrambled,True,1332,999,,9,9,,,8313662,,,,,,[]
24288,DAL,86,Luke,Schoonmaker,TE,Active,"6'5""",250,1998-09-28T00:00:00,Michigan,0,TE,True,OFF,Luke Schoonmaker,24,Rookie,"September 28, 1998",https://s3-us-west-2.amazonaws.com/static.fantasydata.com/headshots/nfl/low-res/24288.png,7,ARI,3,L.Schoonmaker,153.5,Scrambled,Scrambled,0,1,DAL,DAL,2023,0,19,False,6,5,2,3,Scrambled,899,,143957a7-4649-4a19-b351-e606edc75ebd,,16855,,133802,,91417,1130242,40061,Scrambled,Scrambled,,Scrambled,Luke Schoonmaker,Luke Schoonmaker,Luke Schoonmaker,0,Scrambled,Scrambled,False,1498,899,,9,9,,,8313693,http://cdn.usatsimg.com/api/download/?imageID=21372513,http://cdn.usatsimg.com/api/download/?imageID=21375316,2023-09-08T21:02:39,2023-09-09T00:30:55,,[]
23138,DAL,87,Jake,Ferguson,TE,Active,"6'5""",244,1999-01-18T00:00:00,Wisconsin,0,TE,True,OFF,Jake Ferguson,24,2nd Season,"January 18, 1999",https://s3-us-west-2.amazonaws.com/static.fantasydata.com/headshots/nfl/low-res/23138.png,7,ARI,3,J.Ferguson,71.9,Scrambled,Scrambled,0,1,DAL,DAL,2022,0,43,False,6,5,2,3,Scrambled,1199,,f46eab3d-d7dd-4420-b3f9-6da9ac1308ab,,15947,1065361,126601,,89680,1065361,34085,Scrambled,Scrambled,,Scrambled,Jake Ferguson,Jake Ferguson,Jake Ferguson,0,Scrambled,Scrambled,False,1665,1199,,9,9,,,8298260,,,,,,[]
21679,DAL,88,CeeDee,Lamb,WR,Active,"6'2""",200,1999-04-08T00:00:00,Oklahoma,0,WR,True,OFF,CeeDee Lamb,24,4th Season,"April 8, 1999",https://s3-us-west-2.amazonaws.com/static.fantasydata.com/headshots/nfl/low-res/21679.png,7,ARI,3,C.Lamb,1.4,Scrambled,Scrambled,0,1,DAL,DAL,2020,0,2,False,6,2,2,2,Scrambled,2564,307698,a72ea15b-5199-4101-a300-846e1c655add,,14411,1062020,127700,,86631,1062020,32687,Scrambled,Scrambled,,Scrambled,CeeDee Lamb,CeeDee Lamb,CeeDee Lamb,0,Scrambled,Scrambled,False,2830,2564,,9,9,,,8250821,http://cdn.usatsimg.com/api/download/?imageID=21372394,http://cdn.usatsimg.com/api/download/?imageID=21375382,2023-09-08T20:45:35,2023-09-09T00:34:04,,[]
22517,DAL,89,Peyton,Hendershot,TE,Active,"6'4""",254,1999-04-23T00:00:00,Indiana,0,TE,True,OFF,Peyton Hendershot,24,2nd Season,"April 23, 1999",https://s3-us-west-2.amazonaws.com/static.fantasydata.com/headshots/nfl/low-res/22517.png,7,ARI,3,P.Hendershot,131.9,Scrambled,Scrambled,0,1,DAL,DAL,2022,,,True,6,4,2,3,Scrambled,832,,944893b0-d30e-11ec-8b77-45b1765fd110,,16041,,130396,,88816,1065138,34607,Scrambled,Scrambled,,Scrambled,Peyton Hendershot,Peyton Hendershot,Peyton Hendershot,0,Scrambled,Scrambled,False,1432,832,,9,9,,,8298274,http://cdn.usatsimg.com/api/download/?imageID=21372359,http://cdn.usatsimg.com/api/download/?imageID=21375319,2023-09-08T20:40:31,2023-09-09T00:31:10,,[]
16366,DAL,90,DeMarcus,Lawrence,DE,Active,"6'3""",265,1992-04-28T00:00:00,Boise State,1,DL,True,DEF,DeMarcus Lawrence,31,10th Season,"April 28, 1992",https://s3-us-west-2.amazonaws.com/static.fantasydata.com/headshots/nfl/low-res/16366.png,7,ARI,3,D.Lawrence,,Scrambled,Scrambled,0,38,DAL,DAL,2014,0,11,False,6,3,2,,Scrambled,,301527,3e3bd10a-6462-47f8-8938-42518781d060,9633,9344,651780,58633,11489,,651780,27562,Scrambled,Scrambled,,Scrambled,,Demarcus Lawrence,Demarcus Lawrence,,Scrambled,Scrambled,False,,,,9,9,,,8250824,http://cdn.usatsimg.com/api/download/?imageID=21372416,http://cdn.usatsimg.com/api/download/?imageID=21372413,2023-09-08T20:49:45,2023-09-08T20:49:25,,[]
19932,DAL,92,Dorance,Armstrong,DE,Active,"6'4""",255,1997-06-10T00:00:00,Kansas,1,DL,True,DEF,Dorance Armstrong,26,6th Season,"June 10, 1997",https://s3-us-west-2.amazonaws.com/static.fantasydata.com/headshots/nfl/low-res/19932.png,7,ARI,3,D.Armstrong,,Scrambled,Scrambled,0,39,DAL,DAL,2018,0,39,False,6,4,2,,Scrambled,,305928,a28daf84-6354-49e6-a047-1bc549997f29,,12548,,90492,,,,31086,Scrambled,Scrambled,,Scrambled,,,,,Scrambled,Scrambled,False,,,,9,9,,,8250670,http://cdn.usatsimg.com/api/download/?imageID=21372169,http://cdn.usatsimg.com/api/download/?imageID=16642812,2023-09-08T20:10:48,2021-08-28T12:08:02,,[]
24370,DAL,93,Viliami,Fehoko Jr.,DE,Active,"6'4""",267,1999-12-16T00:00:00,San Jose State,0,DL,True,DEF,Viliami Fehoko Jr.,23,Rookie,"December 16, 1999",https://s3-us-west-2.amazonaws.com/static.fantasydata.com/headshots/nfl/low-res/24370.png,7,ARI,3,V.Fehoko Jr.,,Scrambled,Scrambled,0,38,DAL,DAL,2023,0,43,False,6,4,2,,Scrambled,,,5ce35506-7d1f-4795-92f5-834a1f5c5fe0,,17153,,134217,,,,40140,Scrambled,Scrambled,,Scrambled,,,,,Scrambled,Scrambled,False,,,,9,9,,,8313668,,,,,,[]
22265,DAL,94,Willington,Previlon,DL,Practice Squad,"6'5""",285,1997-05-19T00:00:00,Rutgers,0,DL,True,DEF,Willington Previlon,26,2nd Season,"May 19, 1997",https://s3-us-west-2.amazonaws.com/static.fantasydata.com/headshots/nfl/low-res/22265.png,7,ARI,3,W.Previlon,,Scrambled,Scrambled,,,DAL,GB,2020,,,True,6,5,2,,Scrambled,,308525,5616e0f0-8306-43a8-8347-e5b8e26f8cbf,,15073,,93831,,,,33230,Scrambled,Scrambled,,Scrambled,,,,,Scrambled,Scrambled,False,,,,9,9,,,8256816,,,,,,[]
15090,DAL,95,Johnathan,Hankins,DT,Active,"6'2""",320,1992-03-30T00:00:00,Ohio State,1,DL,True,DEF,Johnathan Hankins,31,11th Season,"March 30, 1992",https://s3-us-west-2.amazonaws.com/static.fantasydata.com/headshots/nfl/low-res/15090.png,7,ARI,3,J.Hankins,,Scrambled,Scrambled,0,39,DAL,NYG,2013,0,16,False,6,2,2,,Scrambled,,302213,9d53adf2-4c3f-48a4-b7f8-6bb7f207c1f8,8433,8669,553681,49107,18552,,,26672,Scrambled,Scrambled,,Scrambled,,,,,Scrambled,Scrambled,False,,,,9,9,,,8306514,http://cdn.usatsimg.com/api/download/?imageID=21372354,http://cdn.usatsimg.com/api/download/?imageID=21375311,2023-09-08T20:39:02,2023-09-09T00:30:41,,[]
22078,DAL,96,Neville,Gallimore,DT,Active,"6'2""",302,1997-01-17T00:00:00,Oklahoma,0,DL,True,DEF,Neville Gallimore,26,4th Season,"January 17, 1997",https://s3-us-west-2.amazonaws.com/static.fantasydata.com/headshots/nfl/low-res/22078.png,7,ARI,3,N.Gallimore,,Scrambled,Scrambled,0,39,DAL,DAL,2020,0,27,False,6,2,2,,Scrambled,,307863,fda10175-38e3-4678-a94c-ccd6008d40ec,,14451,,90138,,,,32752,Scrambled,Scrambled,,Scrambled,,,,,Scrambled,Scrambled,False,,,,9,9,,,8250733,,,,,,[]
22873,DAL,97,Osa,Odighizuwa,DT,Active,"6'2""",280,1998-08-13T00:00:00,UCLA,0,DL,True,DEF,Osa Odighizuwa,25,3rd Season,"August 13, 1998",https://s3-us-west-2.amazonaws.com/static.fantasydata.com/headshots/nfl/low-res/22873.png,7,ARI,3,O.Odighizuwa,,Scrambled,Scrambled,0,39,DAL,DAL,2021,0,25,False,6,2,2,,Scrambled,,,5bc24739-494e-4d0c-beae-e15231743bcf,,15284,,120490,,,,33463,Scrambled,Scrambled,,Scrambled,,,,,Scrambled,Scrambled,False,,,,9,9,,,8274369,,,,,,[]
22820,DAL,99,Chauncey,Golston,DE,Active,"6'5""",268,1998-02-10T00:00:00,Iowa,0,DL,True,DEF,Chauncey Golston,25,3rd Season,"February 10, 1998",https://s3-us-west-2.amazonaws.com/static.fantasydata.com/headshots/nfl/low-res/22820.png,7,ARI,3,C.Golston,,Scrambled,Scrambled,0,39,DAL,DAL,2021,0,28,False,6,5,2,,Scrambled,,,b7f8bf4e-a1e5-443e-8deb-3916c817a1a8,,15321,,121710,,,,33472,Scrambled,Scrambled,,Scrambled,,,,,Scrambled,Scrambled,False,,,,9,9,,,8274353,http://cdn.usatsimg.com/api/download/?imageID=21372287,http://cdn.usatsimg.com/api/download/?imageID=21375272,2023-09-08T20:26:21,2023-09-09T00:28:50,,[]
